{"Eval_AverageReturn": [[1633593721.066872, 0, 25.235294342041016], [1633593724.6297529, 10, 10.149999618530273], [1633593728.182154, 20, 12.117647171020508], [1633593731.7293766, 30, 15.730769157409668], [1633593735.3062649, 40, 15.461538314819336], [1633593738.8632178, 50, 16.479999542236328], [1633593742.425846, 60, 16.040000915527344], [1633593745.9994173, 70, 17.04166603088379], [1633593749.558638, 80, 19.047618865966797], [1633593753.1304016, 90, 29.35714340209961]], "Eval_StdReturn": [[1633593721.0671527, 0, 11.694792747497559], [1633593724.6298468, 10, 1.314344048500061], [1633593728.1823018, 20, 1.490454077720642], [1633593731.729539, 30, 2.3787147998809814], [1633593735.3064232, 40, 2.453110694885254], [1633593738.8636432, 50, 2.099904775619507], [1633593742.4260604, 60, 2.7492544651031494], [1633593745.9994767, 70, 2.908022880554199], [1633593749.5590448, 80, 3.3162829875946045], [1633593753.130786, 90, 5.432798862457275]], "Train_EnvstepsSoFar": [[1633593721.069431, 0, 1023.0], [1633593724.6315782, 10, 11135.0], [1633593728.183787, 20, 21167.0], [1633593731.731555, 30, 31231.0], [1633593735.3083994, 40, 41338.0], [1633593738.865424, 50, 51393.0], [1633593742.427943, 60, 61451.0], [1633593746.001457, 70, 71524.0], [1633593749.56059, 80, 81593.0], [1633593753.132485, 90, 91695.0]]}