{"Eval_AverageReturn": [[1633593804.9567046, 0, 22.63157844543457], [1633593809.3241339, 10, 50.55555725097656], [1633593813.9372964, 20, 200.0], [1633593818.8015492, 30, 137.0], [1633593823.8672333, 40, 200.0], [1633593828.4078236, 50, 200.0], [1633593833.1480474, 60, 47.33333206176758], [1633593837.7908225, 70, 183.6666717529297], [1633593842.292995, 80, 135.0], [1633593846.815079, 90, 147.6666717529297]], "Eval_StdReturn": [[1633593804.956987, 0, 13.955608367919922], [1633593809.3243525, 10, 15.391997337341309], [1633593813.937358, 20, 0.0], [1633593818.801742, 30, 10.03327751159668], [1633593823.86733, 40, 0.0], [1633593828.408014, 50, 0.0], [1633593833.1481066, 60, 8.969082832336426], [1633593837.7908802, 70, 12.391753196716309], [1633593842.2931895, 80, 7.257180213928223], [1633593846.8151653, 90, 6.847546100616455]], "Train_EnvstepsSoFar": [[1633593804.9592988, 0, 1023.0], [1633593809.3263729, 10, 11272.0], [1633593813.9389288, 20, 21769.0], [1633593818.8035007, 30, 32315.0], [1633593823.8694792, 40, 43597.0], [1633593828.4098454, 50, 53597.0], [1633593833.1500478, 60, 64175.0], [1633593837.7929425, 70, 74646.0], [1633593842.2951176, 80, 85275.0], [1633593846.8174305, 90, 95947.0]]}