{"Eval_AverageReturn": [[1633593758.64242, 0, 29.14285659790039], [1633593763.1628098, 10, 97.4000015258789], [1633593767.6637177, 20, 107.0], [1633593772.1742756, 30, 49.77777862548828], [1633593776.6122594, 40, 61.71428680419922], [1633593781.057929, 50, 58.42856979370117], [1633593785.4133503, 60, 62.14285659790039], [1633593789.8300672, 70, 67.33333587646484], [1633593794.2693446, 80, 74.83333587646484], [1633593798.7192247, 90, 74.5]], "Eval_StdReturn": [[1633593758.6426888, 0, 21.346988677978516], [1633593763.1630225, 10, 31.27043342590332], [1633593767.6639156, 20, 38.96152114868164], [1633593772.1743603, 30, 5.072316646575928], [1633593776.6124678, 40, 14.635713577270508], [1633593781.0580862, 50, 14.460360527038574], [1633593785.4135206, 60, 14.749610900878906], [1633593789.8301628, 70, 19.387855529785156], [1633593794.269585, 80, 10.462897300720215], [1633593798.7192962, 90, 18.246004104614258]], "Train_EnvstepsSoFar": [[1633593758.6450727, 0, 1023.0], [1633593763.1645591, 10, 11337.0], [1633593767.665853, 20, 21800.0], [1633593772.176781, 30, 32270.0], [1633593776.6145647, 40, 42504.0], [1633593781.0598576, 50, 52796.0], [1633593785.4152622, 60, 63000.0], [1633593789.8319952, 70, 73425.0], [1633593794.2721038, 80, 83885.0], [1633593798.7218375, 90, 94389.0]]}