{"Eval_AverageReturn": [[1633593853.263394, 0, 40.5], [1633593857.829981, 10, 158.0], [1633593862.4548726, 20, 131.25], [1633593867.2880387, 30, 97.80000305175781], [1633593871.876867, 40, 200.0], [1633593876.2891335, 50, 200.0], [1633593880.5652134, 60, 200.0], [1633593884.950727, 70, 200.0], [1633593889.2740872, 80, 200.0], [1633593893.8786478, 90, 200.0]], "Eval_StdReturn": [[1633593853.2636628, 0, 44.75768280029297], [1633593857.830045, 10, 22.553640365600586], [1633593862.4549334, 20, 6.219927787780762], [1633593867.2880967, 30, 8.231645584106445], [1633593871.877116, 40, 0.0], [1633593876.2891932, 50, 0.0], [1633593880.5654628, 60, 0.0], [1633593884.950935, 70, 0.0], [1633593889.2741487, 80, 0.0], [1633593893.8787103, 90, 0.0]], "Train_EnvstepsSoFar": [[1633593853.265768, 0, 1023.0], [1633593857.8322437, 10, 11407.0], [1633593862.456872, 20, 21931.0], [1633593867.2902203, 30, 32969.0], [1633593871.8795297, 40, 43565.0], [1633593876.2914093, 50, 53763.0], [1633593880.5669467, 60, 63763.0], [1633593884.9528668, 70, 73763.0], [1633593889.276401, 80, 83763.0], [1633593893.8805823, 90, 94456.0]]}