{"Eval_AverageReturn": [[1639402955.4208384, 1, -50.0], [1639402965.2726016, 1001, -50.0], [1639402975.2636545, 2001, -50.0], [1639402985.0372117, 3001, -50.0], [1639402994.96224, 4001, -50.0], [1639403005.0254428, 5001, -50.0], [1639403014.964943, 6001, -50.0], [1639403024.7030294, 7001, -50.0], [1639403034.5106826, 8001, -50.0], [1639403044.3945463, 9001, -50.0]], "Train_AverageReturn": [[1639402965.2721047, 1001, -50.0], [1639402975.2633157, 2001, -50.0], [1639402985.0369492, 3001, -50.0], [1639402994.9619129, 4001, -50.0], [1639403005.025015, 5001, -50.0], [1639403014.9645245, 6001, -50.0], [1639403024.7025383, 7001, -50.0], [1639403034.510066, 8001, -50.0], [1639403044.3941069, 9001, -50.0]]}