{"Eval_AverageReturn": [[1639404033.7358582, 1, -100.0], [1639404040.2740827, 1001, -100.0], [1639404047.1089165, 2001, -100.0], [1639404053.982787, 3001, -100.0], [1639404060.757255, 4001, -100.0], [1639404067.6163752, 5001, -100.0], [1639404074.375813, 6001, -100.0], [1639404081.1732876, 7001, -100.0], [1639404087.9905047, 8001, -100.0], [1639404094.6645596, 9001, -100.0], [1639404101.5046113, 10001, -100.0], [1639404119.2749517, 11001, -100.0], [1639404136.9091003, 12001, -100.0], [1639404155.383251, 13001, -100.0], [1639404173.668558, 14001, -100.0], [1639404191.5956368, 15001, -100.0], [1639404209.4125383, 16001, -100.0], [1639404227.2230525, 17001, -100.0], [1639404245.5202413, 18001, -100.0], [1639404264.005604, 19001, -100.0], [1639404282.130059, 20001, -100.0], [1639404300.3849354, 21001, -100.0], [1639404318.3691006, 22001, -100.0], [1639404336.4511123, 23001, -100.0], [1639404354.680087, 24001, -100.0], [1639404372.8249624, 25001, -100.0], [1639404391.1948707, 26001, -100.0], [1639404409.442965, 27001, -100.0], [1639404427.7183518, 28001, -100.0], [1639404445.7365944, 29001, -100.0], [1639404463.797705, 30001, -100.0], [1639404482.1243267, 31001, -100.0], [1639404500.3668487, 32001, -100.0], [1639404518.4979873, 33001, -100.0], [1639404536.8777583, 34001, -100.0], [1639404554.8084214, 35001, -100.0], [1639404572.8586996, 36001, -100.0], [1639404591.0824616, 37001, -100.0], [1639404609.1885726, 38001, -100.0], [1639404627.333891, 39001, -100.0], [1639404645.7028184, 40001, -100.0], [1639404663.9951549, 41001, -100.0], [1639404682.2289789, 42001, -100.0], [1639404700.6356337, 43001, -100.0], [1639404718.8449688, 44001, -100.0], [1639404736.533331, 45001, -100.0], [1639404754.608322, 46001, -100.0], [1639404773.1923378, 47001, -100.0], [1639404791.35518, 48001, -100.0], [1639404809.6133814, 49001, -100.0]], "Train_AverageReturn": [[1639404040.273731, 1001, -100.0], [1639404047.108671, 2001, -100.0], [1639404053.9824686, 3001, -100.0], [1639404060.7569673, 4001, -100.0], [1639404067.6161356, 5001, -100.0], [1639404074.3755252, 6001, -100.0], [1639404081.1730547, 7001, -100.0], [1639404087.9900093, 8001, -100.0], [1639404094.664326, 9001, -100.0], [1639404101.5042973, 10001, -100.0], [1639404119.2731907, 11001, -100.0], [1639404136.9074059, 12001, -100.0], [1639404155.3817308, 13001, -100.0], [1639404173.6669295, 14001, -100.0], [1639404191.5943408, 15001, -100.0], [1639404209.410624, 16001, -100.0], [1639404227.221182, 17001, -100.0], [1639404245.5185726, 18001, -100.0], [1639404264.004477, 19001, -100.0], [1639404282.1286085, 20001, -100.0], [1639404300.3836515, 21001, -100.0], [1639404318.3678129, 22001, -100.0], [1639404336.4498384, 23001, -100.0], [1639404354.6787467, 24001, -100.0], [1639404372.8236809, 25001, -100.0], [1639404391.193393, 26001, -100.0], [1639404409.441476, 27001, -100.0], [1639404427.7172368, 28001, -100.0], [1639404445.734835, 29001, -100.0], [1639404463.7964084, 30001, -100.0], [1639404482.122626, 31001, -100.0], [1639404500.3652778, 32001, -100.0], [1639404518.4969003, 33001, -100.0], [1639404536.8763218, 34001, -100.0], [1639404554.8069386, 35001, -100.0], [1639404572.857276, 36001, -100.0], [1639404591.0805585, 37001, -100.0], [1639404609.1869576, 38001, -100.0], [1639404627.3320673, 39001, -100.0], [1639404645.7015784, 40001, -100.0], [1639404663.9936445, 41001, -100.0], [1639404682.227803, 42001, -100.0], [1639404700.6340072, 43001, -100.0], [1639404718.8435142, 44001, -100.0], [1639404736.531579, 45001, -100.0], [1639404754.6068075, 46001, -100.0], [1639404773.1910198, 47001, -100.0], [1639404791.3534985, 48001, -100.0], [1639404809.6117587, 49001, -100.0]]}