{"Eval_AverageReturn": [[1639404035.1616518, 1, -50.0], [1639404045.0295877, 1001, -50.0], [1639404054.9748573, 2001, -50.0], [1639404075.6220758, 3001, -50.0], [1639404095.9117167, 4001, -50.0], [1639404116.9536123, 5001, -50.0], [1639404138.1958735, 6001, -50.0], [1639404159.6370723, 7001, -50.0], [1639404180.900922, 8001, -50.0], [1639404202.7443833, 9001, -50.0], [1639404224.2730005, 10001, -50.0], [1639404246.074774, 11001, -50.0], [1639404267.9587417, 12001, -50.0], [1639404289.848685, 13001, -50.0], [1639404311.6408386, 14001, -50.0], [1639404333.4334984, 15001, -50.0], [1639404355.1069248, 16001, -50.0], [1639404377.0709555, 17001, -50.0], [1639404398.8896139, 18001, -50.0], [1639404420.7921903, 19001, -50.0], [1639404442.4658546, 20001, -50.0], [1639404464.122372, 21001, -50.0], [1639404485.600003, 22001, -50.0], [1639404507.1118214, 23001, -50.0], [1639404528.9316978, 24001, -50.0], [1639404550.5718544, 25001, -50.0], [1639404572.2498796, 26001, -50.0], [1639404593.714012, 27001, -50.0], [1639404615.3508325, 28001, -50.0], [1639404637.382185, 29001, -50.0], [1639404658.91714, 30001, -50.0], [1639404680.229744, 31001, -50.0], [1639404701.6175196, 32001, -50.0], [1639404723.2381113, 33001, -50.0], [1639404744.8371, 34001, -50.0], [1639404766.6111126, 35001, -50.0], [1639404787.9292896, 36001, -50.0], [1639404809.4358556, 37001, -50.0], [1639404831.0962746, 38001, -50.0], [1639404851.9654987, 39001, -50.0], [1639404872.9515605, 40001, -50.0], [1639404894.1189518, 41001, -50.0], [1639404915.1928725, 42001, -50.0], [1639404935.7531772, 43001, -50.0], [1639404956.4716074, 44001, -50.0], [1639404976.9696677, 45001, -50.0], [1639404997.0903735, 46001, -50.0], [1639405017.1924558, 47001, -50.0], [1639405037.2638338, 48001, -50.0], [1639405057.2453191, 49001, -50.0]], "Train_AverageReturn": [[1639404045.0289724, 1001, -50.0], [1639404054.9745672, 2001, -50.0], [1639404075.6202419, 3001, -50.0], [1639404095.9099445, 4001, -50.0], [1639404116.9519265, 5001, -50.0], [1639404138.1944983, 6001, -50.0], [1639404159.635547, 7001, -50.0], [1639404180.899441, 8001, -50.0], [1639404202.7424972, 9001, -50.0], [1639404224.2717175, 10001, -50.0], [1639404246.0728984, 11001, -50.0], [1639404267.9574516, 12001, -50.0], [1639404289.8469846, 13001, -50.0], [1639404311.639106, 14001, -50.0], [1639404333.4322195, 15001, -50.0], [1639404355.1051767, 16001, -50.0], [1639404377.069688, 17001, -50.0], [1639404398.8881295, 18001, -50.0], [1639404420.7910702, 19001, -50.0], [1639404442.464746, 20001, -50.0], [1639404464.1207752, 21001, -50.0], [1639404485.598111, 22001, -50.0], [1639404507.1101525, 23001, -50.0], [1639404528.9302258, 24001, -50.0], [1639404550.5705717, 25001, -50.0], [1639404572.2482517, 26001, -50.0], [1639404593.7125592, 27001, -50.0], [1639404615.349095, 28001, -50.0], [1639404637.380759, 29001, -50.0], [1639404658.91578, 30001, -50.0], [1639404680.22861, 31001, -50.0], [1639404701.6162903, 32001, -50.0], [1639404723.2366242, 33001, -50.0], [1639404744.8352947, 34001, -50.0], [1639404766.6097815, 35001, -50.0], [1639404787.9280162, 36001, -50.0], [1639404809.4345665, 37001, -50.0], [1639404831.0948884, 38001, -50.0], [1639404851.964047, 39001, -50.0], [1639404872.9498284, 40001, -50.0], [1639404894.1172643, 41001, -50.0], [1639404915.1912458, 42001, -50.0], [1639404935.751705, 43001, -50.0], [1639404956.470077, 44001, -50.0], [1639404976.9683762, 45001, -50.0], [1639404997.0886884, 46001, -50.0], [1639405017.1909788, 47001, -50.0], [1639405037.2623713, 48001, -50.0], [1639405057.2438536, 49001, -50.0]]}