{"Eval_AverageReturn": [[1639402954.9597547, 1, -100.0], [1639402961.2822137, 1001, -100.0], [1639402968.0193624, 2001, -100.0], [1639402985.1152701, 3001, -100.0], [1639403002.3938763, 4001, -100.0], [1639403019.8648133, 5001, -100.0], [1639403037.0002801, 6001, -100.0], [1639403054.308762, 7001, -100.0], [1639403070.5016356, 8001, -100.0], [1639403087.1748135, 9001, -100.0]], "Train_AverageReturn": [[1639402961.2816126, 1001, -100.0], [1639402968.018722, 2001, -100.0], [1639402985.1139371, 3001, -100.0], [1639403002.392347, 4001, -100.0], [1639403019.8630707, 5001, -100.0], [1639403036.9985182, 6001, -100.0], [1639403054.3070297, 7001, -100.0], [1639403070.500205, 8001, -100.0], [1639403087.1731286, 9001, -100.0]]}