{"Eval_AverageReturn": [[1639402954.2380044, 1, -100.0], [1639402960.5741746, 1001, -100.0], [1639402967.0254521, 2001, -100.0], [1639402973.5991771, 3001, -100.0], [1639402980.2146297, 4001, -100.0], [1639402986.6388535, 5001, -100.0], [1639402993.0781, 6001, -100.0], [1639402999.6996121, 7001, -100.0], [1639403006.3979049, 8001, -100.0], [1639403012.733929, 9001, -100.0]], "Train_AverageReturn": [[1639402960.5738444, 1001, -100.0], [1639402967.0251427, 2001, -100.0], [1639402973.5987105, 3001, -100.0], [1639402980.2140827, 4001, -100.0], [1639402986.6383643, 5001, -100.0], [1639402993.0776854, 6001, -100.0], [1639402999.6992297, 7001, -100.0], [1639403006.3975954, 8001, -100.0], [1639403012.7336917, 9001, -100.0]]}