{"Eval_AverageReturn": [[1639402955.6430614, 1, -50.0], [1639402965.3676727, 1001, -50.0], [1639402975.4645433, 2001, -50.0], [1639402996.116987, 3001, -50.0], [1639403016.91672, 4001, -50.0], [1639403036.452363, 5001, -50.0], [1639403055.407674, 6001, -50.0], [1639403074.9226499, 7001, -50.0], [1639403094.2976832, 8001, -50.0], [1639403112.9037154, 9001, -50.0]], "Train_AverageReturn": [[1639402965.3671107, 1001, -50.0], [1639402975.4638424, 2001, -50.0], [1639402996.1158206, 3001, -50.0], [1639403016.9155698, 4001, -50.0], [1639403036.450831, 5001, -50.0], [1639403055.4063036, 6001, -50.0], [1639403074.9212515, 7001, -50.0], [1639403094.2962027, 8001, -50.0], [1639403112.902209, 9001, -50.0]]}