{"Eval_AverageReturn": [[1639404034.6001685, 1, -50.0], [1639404044.5117168, 1001, -50.0], [1639404054.5753555, 2001, -50.0], [1639404064.6060362, 3001, -50.0], [1639404074.6504161, 4001, -50.0], [1639404084.652321, 5001, -50.0], [1639404094.5863874, 6001, -50.0], [1639404104.6323922, 7001, -50.0], [1639404114.5391955, 8001, -50.0], [1639404124.5377474, 9001, -50.0], [1639404134.4508126, 10001, -50.0], [1639404155.6085343, 11001, -50.0], [1639404176.9876978, 12001, -50.0], [1639404198.4445763, 13001, -50.0], [1639404219.6330702, 14001, -50.0], [1639404241.1008027, 15001, -50.0], [1639404262.5335147, 16001, -50.0], [1639404284.0043366, 17001, -50.0], [1639404305.910052, 18001, -50.0], [1639404327.1268468, 19001, -50.0], [1639404348.2205353, 20001, -50.0], [1639404369.602311, 21001, -50.0], [1639404390.859848, 22001, -50.0], [1639404412.4783854, 23001, -50.0], [1639404434.0333655, 24001, -50.0], [1639404455.757113, 25001, -50.0], [1639404477.346247, 26001, -50.0], [1639404498.6186173, 27001, -50.0], [1639404520.0165732, 28001, -50.0], [1639404541.4664974, 29001, -50.0], [1639404562.929063, 30001, -50.0], [1639404584.4657652, 31001, -50.0], [1639404605.640911, 32001, -50.0], [1639404627.304747, 33001, -50.0], [1639404648.6756942, 34001, -50.0], [1639404669.8375032, 35001, -50.0], [1639404691.1760328, 36001, -50.0], [1639404712.4481728, 37001, -50.0], [1639404733.7621086, 38001, -50.0], [1639404754.997039, 39001, -50.0], [1639404776.6895015, 40001, -50.0], [1639404798.0434072, 41001, -50.0], [1639404819.3039207, 42001, -50.0], [1639404840.1754558, 43001, -50.0], [1639404860.8512716, 44001, -50.0], [1639404881.5868058, 45001, -50.0], [1639404902.0857875, 46001, -50.0], [1639404922.6155474, 47001, -50.0], [1639404942.698679, 48001, -50.0], [1639404963.0256321, 49001, -50.0]], "Train_AverageReturn": [[1639404044.5114682, 1001, -50.0], [1639404054.575031, 2001, -50.0], [1639404064.6057928, 3001, -50.0], [1639404074.6500356, 4001, -50.0], [1639404084.6520166, 5001, -50.0], [1639404094.5858247, 6001, -50.0], [1639404104.631875, 7001, -50.0], [1639404114.538812, 8001, -50.0], [1639404124.5372872, 9001, -50.0], [1639404134.4503314, 10001, -50.0], [1639404155.6068623, 11001, -50.0], [1639404176.9863665, 12001, -50.0], [1639404198.4433029, 13001, -50.0], [1639404219.631415, 14001, -50.0], [1639404241.0995753, 15001, -50.0], [1639404262.53222, 16001, -50.0], [1639404284.0030298, 17001, -50.0], [1639404305.9087238, 18001, -50.0], [1639404327.1257255, 19001, -50.0], [1639404348.2191844, 20001, -50.0], [1639404369.6009161, 21001, -50.0], [1639404390.858108, 22001, -50.0], [1639404412.4771948, 23001, -50.0], [1639404434.0318131, 24001, -50.0], [1639404455.7553751, 25001, -50.0], [1639404477.3442361, 26001, -50.0], [1639404498.6173365, 27001, -50.0], [1639404520.015231, 28001, -50.0], [1639404541.4650714, 29001, -50.0], [1639404562.927725, 30001, -50.0], [1639404584.4642627, 31001, -50.0], [1639404605.6394234, 32001, -50.0], [1639404627.3033023, 33001, -50.0], [1639404648.6745884, 34001, -50.0], [1639404669.8355753, 35001, -50.0], [1639404691.1741953, 36001, -50.0], [1639404712.4466171, 37001, -50.0], [1639404733.760739, 38001, -50.0], [1639404754.9957309, 39001, -50.0], [1639404776.6880064, 40001, -50.0], [1639404798.0416725, 41001, -50.0], [1639404819.3024487, 42001, -50.0], [1639404840.1738942, 43001, -50.0], [1639404860.8498402, 44001, -50.0], [1639404881.5852017, 45001, -50.0], [1639404902.0842278, 46001, -50.0], [1639404922.6139128, 47001, -50.0], [1639404942.6975899, 48001, -50.0], [1639404963.0241492, 49001, -50.0]]}