{"Eval_AverageReturn": [[1639404033.7055318, 1, -100.0], [1639404040.2315803, 1001, -100.0], [1639404046.9777017, 2001, -100.0], [1639404064.2310648, 3001, -100.0], [1639404081.5797694, 4001, -100.0], [1639404098.7583392, 5001, -100.0], [1639404116.4471128, 6001, -100.0], [1639404134.2318387, 7001, -100.0], [1639404152.4603903, 8001, -100.0], [1639404170.6631758, 9001, -100.0], [1639404188.7704315, 10001, -100.0], [1639404206.9314578, 11001, -100.0], [1639404225.135215, 12001, -100.0], [1639404243.5368383, 13001, -100.0], [1639404261.759107, 14001, -100.0], [1639404280.0042918, 15001, -100.0], [1639404297.937377, 16001, -100.0], [1639404315.987724, 17001, -100.0], [1639404334.11408, 18001, -100.0], [1639404352.4873872, 19001, -100.0], [1639404370.9981601, 20001, -100.0], [1639404389.7111342, 21001, -100.0], [1639404407.8951907, 22001, -100.0], [1639404426.1376452, 23001, -100.0], [1639404444.3155773, 24001, -100.0], [1639404462.7770083, 25001, -100.0], [1639404481.108601, 26001, -100.0], [1639404499.2701569, 27001, -100.0], [1639404517.5776477, 28001, -100.0], [1639404535.9474132, 29001, -100.0], [1639404554.05031, 30001, -100.0], [1639404572.3143961, 31001, -100.0], [1639404590.5845346, 32001, -100.0], [1639404608.9872909, 33001, -100.0], [1639404627.3980777, 34001, -100.0], [1639404645.696448, 35001, -100.0], [1639404664.0994158, 36001, -100.0], [1639404682.3458881, 37001, -100.0], [1639404700.7615025, 38001, -100.0], [1639404719.3509328, 39001, -100.0], [1639404737.6814387, 40001, -100.0], [1639404755.9631147, 41001, -100.0], [1639404774.3301096, 42001, -100.0], [1639404792.42515, 43001, -100.0], [1639404810.5078542, 44001, -100.0], [1639404828.5885162, 45001, -100.0], [1639404846.0201375, 46001, -100.0], [1639404863.4344192, 47001, -100.0], [1639404880.8375394, 48001, -100.0], [1639404898.6797073, 49001, -100.0]], "Train_AverageReturn": [[1639404040.2311718, 1001, -100.0], [1639404046.9771433, 2001, -100.0], [1639404064.2295597, 3001, -100.0], [1639404081.5785797, 4001, -100.0], [1639404098.756704, 5001, -100.0], [1639404116.4459531, 6001, -100.0], [1639404134.2305005, 7001, -100.0], [1639404152.4592721, 8001, -100.0], [1639404170.6618135, 9001, -100.0], [1639404188.769117, 10001, -100.0], [1639404206.9301136, 11001, -100.0], [1639404225.133793, 12001, -100.0], [1639404243.535327, 13001, -100.0], [1639404261.757784, 14001, -100.0], [1639404280.0029466, 15001, -100.0], [1639404297.93605, 16001, -100.0], [1639404315.986322, 17001, -100.0], [1639404334.1123655, 18001, -100.0], [1639404352.4856095, 19001, -100.0], [1639404370.9964387, 20001, -100.0], [1639404389.7096748, 21001, -100.0], [1639404407.8940809, 22001, -100.0], [1639404426.1360972, 23001, -100.0], [1639404444.3143601, 24001, -100.0], [1639404462.7752883, 25001, -100.0], [1639404481.1071894, 26001, -100.0], [1639404499.2683418, 27001, -100.0], [1639404517.5757968, 28001, -100.0], [1639404535.946002, 29001, -100.0], [1639404554.0486977, 30001, -100.0], [1639404572.3129308, 31001, -100.0], [1639404590.5830202, 32001, -100.0], [1639404608.9858847, 33001, -100.0], [1639404627.3966465, 34001, -100.0], [1639404645.694904, 35001, -100.0], [1639404664.0979998, 36001, -100.0], [1639404682.3440263, 37001, -100.0], [1639404700.7597082, 38001, -100.0], [1639404719.3495538, 39001, -100.0], [1639404737.6801438, 40001, -100.0], [1639404755.961885, 41001, -100.0], [1639404774.328465, 42001, -100.0], [1639404792.4230382, 43001, -100.0], [1639404810.5064816, 44001, -100.0], [1639404828.5872009, 45001, -100.0], [1639404846.0188613, 46001, -100.0], [1639404863.432853, 47001, -100.0], [1639404880.8360188, 48001, -100.0], [1639404898.6784403, 49001, -100.0]]}