{
  "avg_return": [[1632750758.6777573, 0, 314.8233642578125]],
  "std_return": [[1632750758.6779974, 0, 61.16337203979492]]
}