{
  "avg_return": [
    [
      1632750881.1635015,
      0,
      -317.8919677734375
    ],
    [
      1632750891.473845,
      1,
      -305.2330017089844
    ],
    [
      1632750902.1466405,
      2,
      -108.46821594238281
    ],
    [
      1632750912.4228234,
      3,
      29.53472137451172
    ],
    [
      1632750922.0991697,
      4,
      471.0442810058594
    ],
    [
      1632750932.8789449,
      5,
      628.5307006835938
    ],
    [
      1632750942.275387,
      6,
      943.6033935546875
    ],
    [
      1632750951.9542763,
      7,
      1167.6611328125
    ],
    [
      1632750961.354555,
      8,
      1768.8731689453125
    ],
    [
      1632750970.9753175,
      9,
      1259.182861328125
    ],
    [
      1632750981.1152575,
      10,
      2402.44775390625
    ],
    [
      1632750991.1804023,
      11,
      964.2910766601562
    ],
    [
      1632751001.8772957,
      12,
      2328.1396484375
    ],
    [
      1632751012.8611927,
      13,
      2618.35546875
    ],
    [
      1632751022.8953314,
      14,
      3681.11865234375
    ],
    [
      1632751033.3039446,
      15,
      3116.589599609375
    ],
    [
      1632751042.7798877,
      16,
      3391.8623046875
    ],
    [
      1632751052.7604964,
      17,
      2271.68701171875
    ],
    [
      1632751062.9535053,
      18,
      4153.6396484375
    ],
    [
      1632751073.3833625,
      19,
      3745.48974609375
    ],
    [
      1632751083.6558797,
      20,
      3791.297607421875
    ],
    [
      1632751093.7488804,
      21,
      4110.5673828125
    ],
    [
      1632751104.1425765,
      22,
      3718.576416015625
    ],
    [
      1632751114.1576858,
      23,
      4271.9541015625
    ],
    [
      1632751124.3579605,
      24,
      4061.441650390625
    ],
    [
      1632751134.9161634,
      25,
      3185.932861328125
    ],
    [
      1632751144.8214705,
      26,
      4447.8525390625
    ],
    [
      1632751155.142479,
      27,
      3940.347412109375
    ],
    [
      1632751165.3667264,
      28,
      4411.81298828125
    ],
    [
      1632751175.5573177,
      29,
      4604.091796875
    ]
  ],
  "std_return": [[1632750881.1637945, 0, 484.9764099121094], [1632750891.4738977, 1, 332.540771484375], [1632750902.1467216, 2, 227.1063690185547], [1632750912.4228761, 3, 336.18365478515625], [1632750922.0992208, 4, 349.1651611328125], [1632750932.8789964, 5, 367.8561096191406], [1632750942.275446, 6, 640.4857177734375], [1632750951.9543285, 7, 611.73193359375], [1632750961.3546066, 8, 1055.435302734375], [1632750970.9753683, 9, 845.7836303710938], [1632750981.1153107, 10, 1252.5216064453125], [1632750991.1804605, 11, 839.0457153320312], [1632751001.8773515, 12, 1179.4403076171875], [1632751012.861257, 13, 1240.130615234375], [1632751022.8953924, 14, 543.792236328125], [1632751033.3039975, 15, 1199.5247802734375], [1632751042.7799397, 16, 884.0892333984375], [1632751052.7605498, 17, 1427.3526611328125], [1632751062.953569, 18, 237.96499633789062], [1632751073.3834157, 19, 770.65478515625], [1632751083.6559372, 20, 806.7891845703125], [1632751093.7489328, 21, 963.4021606445312], [1632751104.1426284, 22, 698.0103149414062], [1632751114.15774, 23, 105.44073486328125], [1632751124.3580155, 24, 954.2213745117188], [1632751134.9162147, 25, 1743.4105224609375], [1632751144.8215265, 26, 82.48591613769531], [1632751155.1425333, 27, 966.3894653320312], [1632751165.366781, 28, 88.81294250488281], [1632751175.5573707, 29, 115.8382339477539]]
}