{"Eval_AverageReturn": [[1634567389.8568735, 0, -123.7613296508789], [1634567409.5624056, 1, -164.94302368164062], [1634567429.912517, 2, -94.24657440185547], [1634567452.0843701, 3, -125.49072265625], [1634567472.457899, 4, -134.7261199951172], [1634567491.954454, 5, -125.0059585571289], [1634567511.7055018, 6, -64.28195190429688], [1634567531.1172085, 7, -86.47376251220703], [1634567551.4892483, 8, -84.88233947753906], [1634567571.1225336, 9, -110.50850677490234], [1634567590.508164, 10, -34.71110153198242], [1634567609.302183, 11, -34.52031707763672]], "Eval_StdReturn": [[1634567389.8571074, 0, 84.14839935302734], [1634567409.5624804, 1, 32.024635314941406], [1634567429.912579, 2, 83.25395202636719], [1634567452.08443, 3, 87.58967590332031], [1634567472.457953, 4, 95.34435272216797], [1634567491.9546614, 5, 91.14649200439453], [1634567511.7055585, 6, 81.72512817382812], [1634567531.117269, 7, 91.23556518554688], [1634567551.4893315, 8, 97.98775482177734], [1634567571.1225939, 9, 86.7827377319336], [1634567590.5082185, 10, 56.24686050415039], [1634567609.302259, 11, 56.92744445800781]]}