{"Eval_AverageReturn": [[1634567622.8898919, 0, -660.3289184570312], [1634567705.5589514, 1, -289.85296630859375], [1634567789.5542214, 2, -274.00836181640625], [1634567871.4954379, 3, -268.9454345703125], [1634567955.754963, 4, -264.28460693359375], [1634568037.56854, 5, -280.4571533203125], [1634568119.7119792, 6, -247.0315704345703], [1634568202.7078807, 7, -276.1358642578125], [1634568284.979363, 8, -245.70899963378906], [1634568369.4588873, 9, -276.52642822265625], [1634568456.4121428, 10, -260.0195007324219], [1634568542.7271318, 11, -247.33074951171875], [1634568628.7798707, 12, -264.1246032714844], [1634568714.1740024, 13, -268.85723876953125], [1634568796.1783593, 14, -259.6044921875]], "Eval_StdReturn": [[1634567622.890194, 0, 112.78692626953125], [1634567705.5590131, 1, 0.1919708251953125], [1634567789.5542822, 2, 14.090682983398438], [1634567871.4954996, 3, 16.269424438476562], [1634567955.7550206, 4, 3.7714691162109375], [1634568037.5685985, 5, 1.8050384521484375], [1634568119.7120457, 6, 1.5959625244140625], [1634568202.7079415, 7, 4.015472412109375], [1634568284.9794235, 8, 9.197525024414062], [1634568369.4589472, 9, 11.239212036132812], [1634568456.4122074, 10, 11.297966003417969], [1634568542.7271962, 11, 9.630073547363281], [1634568628.7799568, 12, 5.038360595703125], [1634568714.1741247, 13, 17.324974060058594], [1634568796.1784189, 14, 3.8225555419921875]]}