{"Eval_AverageReturn": [[1634568815.4118872, 0, 185.4970703125], [1634568937.9690325, 1, 208.59268188476562], [1634569063.1872914, 2, 231.165771484375], [1634569186.8848188, 3, 304.27923583984375], [1634569310.2392385, 4, 262.9873046875], [1634569431.9253762, 5, 226.70407104492188], [1634569552.6192474, 6, 319.5762939453125], [1634569670.9701304, 7, 307.6887512207031], [1634569789.6364915, 8, 241.83018493652344], [1634569909.5099003, 9, 352.2364196777344], [1634570032.9787092, 10, 356.28289794921875], [1634570157.1660461, 11, 364.76904296875], [1634570278.750021, 12, 410.53497314453125], [1634570398.1922357, 13, 242.65289306640625], [1634570518.8682985, 14, 313.55206298828125], [1634570639.4809656, 15, 316.4026794433594], [1634570764.190617, 16, 317.2490234375], [1634570888.4792802, 17, 347.8975524902344], [1634571010.3422651, 18, 373.96820068359375], [1634571133.2806885, 19, 338.7381591796875]], "Eval_StdReturn": [[1634568815.412169, 0, 0.0], [1634568937.9690964, 1, 0.0], [1634569063.1873596, 2, 0.0], [1634569186.8848822, 3, 0.0], [1634569310.2392986, 4, 0.0], [1634569431.9254448, 5, 0.0], [1634569552.619308, 6, 0.0], [1634569670.9703236, 7, 0.0], [1634569789.6365514, 8, 0.0], [1634569909.5099638, 9, 0.0], [1634570032.978778, 10, 0.0], [1634570157.166114, 11, 0.0], [1634570278.7500827, 12, 0.0], [1634570398.1922958, 13, 0.0], [1634570518.8683615, 14, 0.0], [1634570639.481152, 15, 0.0], [1634570764.1907723, 16, 0.0], [1634570888.4793437, 17, 0.0], [1634571010.3424165, 18, 0.0], [1634571133.280749, 19, 0.0]]}