{
  "avg_return": [[1632750707.285849, 0, 4511.08154296875]],
  "std_return": [[1632750707.2860963, 0, 104.0787582397461]]
}