{
  "avg_return": [[1632751419.9652038, 0, 222.67764282226562], [1632751432.5921295, 1, 255.15292358398438], [1632751444.150535, 2, 291.960205078125], [1632751455.5054362, 3, 313.8413391113281], [1632751466.9568233, 4, 286.28192138671875], [1632751478.2081566, 5, 273.1821594238281], [1632751489.8059874, 6, 285.4662170410156], [1632751501.2271984, 7, 316.2520446777344], [1632751512.871921, 8, 303.64166259765625], [1632751524.430859, 9, 304.80584716796875], [1632751536.035779, 10, 349.6399230957031], [1632751547.5278666, 11, 357.72613525390625], [1632751559.287233, 12, 391.8985290527344], [1632751571.120565, 13, 495.1640319824219], [1632751582.8250482, 14, 395.7152404785156], [1632751594.437431, 15, 426.4746398925781], [1632751606.1391554, 16, 403.99505615234375], [1632751617.1968036, 17, 444.41644287109375], [1632751628.4380267, 18, 470.5011291503906], [1632751639.6817894, 19, 419.3265686035156], [1632751651.0928926, 20, 456.8180847167969], [1632751662.5433946, 21, 482.47760009765625], [1632751673.9311323, 22, 594.7877807617188], [1632751685.0565696, 23, 646.112060546875], [1632751696.3661492, 24, 824.0393676757812], [1632751707.860749, 25, 490.319091796875], [1632751719.2346053, 26, 424.08599853515625], [1632751730.8121023, 27, 723.5765991210938], [1632751742.2025096, 28, 714.143310546875], [1632751753.4570527, 29, 887.6271362304688]],
  "std_return": [[1632751419.965457, 0, 66.4117202758789], [1632751432.5921896, 1, 14.67554759979248], [1632751444.1505885, 2, 27.919904708862305], [1632751455.505489, 3, 31.259193420410156], [1632751466.9568746, 4, 22.925874710083008], [1632751478.208209, 5, 24.38545036315918], [1632751489.8060408, 6, 25.523073196411133], [1632751501.2272537, 7, 29.908916473388672], [1632751512.871978, 8, 39.31595230102539], [1632751524.4309103, 9, 44.23097229003906], [1632751536.0359063, 10, 77.20565795898438], [1632751547.527973, 11, 58.95478439331055], [1632751559.2872875, 12, 102.83500671386719], [1632751571.120627, 13, 133.89962768554688], [1632751582.8251033, 14, 94.09103393554688], [1632751594.4374948, 15, 106.42559051513672], [1632751606.139209, 16, 108.44396209716797], [1632751617.1968634, 17, 137.3610076904297], [1632751628.4380786, 18, 157.04788208007812], [1632751639.6818416, 19, 97.90000915527344], [1632751651.0929449, 20, 169.77182006835938], [1632751662.5434508, 21, 167.92025756835938], [1632751673.9311852, 22, 230.03213500976562], [1632751685.0566208, 23, 229.8072052001953], [1632751696.3662026, 24, 315.45098876953125], [1632751707.860804, 25, 171.48458862304688], [1632751719.2346604, 26, 179.82899475097656], [1632751730.8121598, 27, 320.7296142578125], [1632751742.2025626, 28, 297.83514404296875], [1632751753.4571056, 29, 280.69451904296875]]
}