{"Eval_AverageReturn": [[1634567093.5482507, 0, -123.7613296508789]], "Train_AverageReturn": [[1634567093.5496173, 0, -167.09857177734375]]}