{"Eval_AverageReturn": [[1634630111.708932, 0, -388.27398681640625], [1634630141.7946327, 1, -295.8055725097656], [1634630172.5388792, 2, -291.91058349609375], [1634630203.30998, 3, -274.5746765136719], [1634630234.1653125, 4, -279.7709655761719], [1634630265.2063916, 5, -285.2059326171875], [1634630295.9614136, 6, -273.7946472167969], [1634630326.812823, 7, -285.3713073730469], [1634630358.142941, 8, -297.46832275390625], [1634630388.691489, 9, -264.9942626953125], [1634630418.8464406, 10, -273.5779113769531], [1634630448.7276793, 11, -276.3497314453125], [1634630479.0346267, 12, -288.45513916015625], [1634630509.4668605, 13, -270.4405822753906], [1634630540.5009766, 14, -272.08966064453125]], "Eval_StdReturn": [[1634630111.7092, 0, 16.840377807617188], [1634630141.7947211, 1, 0.92974853515625], [1634630172.5389469, 2, 3.2718505859375], [1634630203.3100414, 3, 3.5712890625], [1634630234.1653724, 4, 7.388458251953125], [1634630265.2065754, 5, 17.228988647460938], [1634630295.9614756, 6, 4.82763671875], [1634630326.8128834, 7, 10.171478271484375], [1634630358.1430333, 8, 8.604080200195312], [1634630388.6915522, 9, 1.9916534423828125], [1634630418.8465, 10, 2.396514892578125], [1634630448.7277682, 11, 7.4563446044921875], [1634630479.0346909, 12, 12.1619873046875], [1634630509.46695, 13, 5.650146484375], [1634630540.5010645, 14, 11.280044555664062]]}