{"Eval_AverageReturn": [[1634632420.4816067, 0, -393.7645568847656], [1634632455.5108385, 1, -288.69195556640625], [1634632491.243834, 2, -297.47125244140625], [1634632525.995121, 3, -264.16705322265625], [1634632561.394846, 4, -252.65525817871094], [1634632596.8687718, 5, -260.16455078125], [1634632630.9443862, 6, -273.1776123046875], [1634632665.7611287, 7, -275.24609375], [1634632701.351984, 8, -263.8590393066406], [1634632735.861754, 9, -270.367431640625], [1634632770.1514218, 10, -283.7297058105469], [1634632804.374297, 11, -266.62548828125], [1634632838.4024427, 12, -282.26324462890625], [1634632872.8737922, 13, -247.00682067871094], [1634632907.402335, 14, -257.3115234375]], "Eval_StdReturn": [[1634632420.4820023, 0, 9.467742919921875], [1634632455.5108972, 1, 16.876419067382812], [1634632491.243889, 2, 12.338851928710938], [1634632525.995176, 3, 11.944999694824219], [1634632561.3949287, 4, 6.4727935791015625], [1634632596.8688312, 5, 10.157943725585938], [1634632630.944443, 6, 5.1173095703125], [1634632665.7611878, 7, 31.74420166015625], [1634632701.3521345, 8, 12.984321594238281], [1634632735.8618114, 9, 12.363265991210938], [1634632770.15148, 10, 22.116455078125], [1634632804.3744307, 11, 2.6177978515625], [1634632838.4025118, 12, 1.7115325927734375], [1634632872.873849, 13, 1.4162750244140625], [1634632907.4023914, 14, 16.96868896484375]]}