{"Eval_AverageReturn": [[1634632093.2524724, 0, -481.8341979980469], [1634632115.515682, 1, -338.24896240234375], [1634632136.750527, 2, -294.89434814453125], [1634632158.8101892, 3, -274.9061279296875], [1634632180.5383184, 4, -263.506591796875], [1634632202.2428837, 5, -280.10113525390625], [1634632224.5436826, 6, -269.2760009765625], [1634632246.3307612, 7, -261.40826416015625], [1634632268.2545178, 8, -288.825439453125], [1634632289.4858005, 9, -278.3565673828125], [1634632312.0071044, 10, -250.60000610351562], [1634632333.825344, 11, -254.6301727294922], [1634632355.7705615, 12, -252.112548828125], [1634632377.5504813, 13, -253.13160705566406], [1634632399.7027607, 14, -255.2739715576172]], "Eval_StdReturn": [[1634632093.2528324, 0, 52.166778564453125], [1634632115.5160816, 1, 44.93113708496094], [1634632136.750589, 2, 9.524932861328125], [1634632158.8105712, 3, 1.49755859375], [1634632180.5383792, 4, 0.9314117431640625], [1634632202.2429783, 5, 8.114547729492188], [1634632224.5437474, 6, 10.348159790039062], [1634632246.330845, 7, 9.710311889648438], [1634632268.2545795, 8, 17.696182250976562], [1634632289.4858592, 9, 19.100173950195312], [1634632312.0071685, 10, 7.656181335449219], [1634632333.825403, 11, 6.2577667236328125], [1634632355.7706258, 12, 1.8960647583007812], [1634632377.5505407, 13, 4.8693389892578125], [1634632399.7029445, 14, 9.494766235351562]]}