{"Eval_AverageReturn": [[1634631960.4838264, 0, -444.48858642578125], [1634631968.9022686, 1, -381.5205078125], [1634631977.5024836, 2, -285.9897766113281], [1634631985.725097, 3, -275.369140625], [1634631993.8602393, 4, -262.91754150390625], [1634632002.4748714, 5, -290.18365478515625], [1634632010.609053, 6, -258.37786865234375], [1634632018.780386, 7, -256.76861572265625], [1634632027.0649126, 8, -277.6407165527344], [1634632035.6463869, 9, -355.3841247558594], [1634632044.2649345, 10, -267.67340087890625], [1634632052.8020444, 11, -266.9839172363281], [1634632061.3224945, 12, -274.8134460449219], [1634632069.754278, 13, -277.6512145996094], [1634632078.167532, 14, -277.1445617675781]], "Eval_StdReturn": [[1634631960.4840918, 0, 1.715087890625], [1634631968.9023247, 1, 83.48439025878906], [1634631977.5025458, 2, 0.344940185546875], [1634631985.7251916, 3, 24.06896209716797], [1634631993.860303, 4, 5.435333251953125], [1634632002.4749289, 5, 3.2352142333984375], [1634632010.6091137, 6, 18.174293518066406], [1634632018.7804716, 7, 10.767745971679688], [1634632027.0650613, 8, 8.225738525390625], [1634632035.6464458, 9, 85.84609985351562], [1634632044.2650785, 10, 1.7345428466796875], [1634632052.8021336, 11, 9.602142333984375], [1634632061.3225555, 12, 0.879180908203125], [1634632069.7543669, 13, 3.256195068359375], [1634632078.1675887, 14, 6.5806884765625]]}