{"Eval_AverageReturn": [[1634631379.2644098, 0, -465.8624267578125], [1634631397.670204, 1, -378.7764892578125], [1634631416.394588, 2, -328.3956298828125], [1634631434.6730669, 3, -292.87445068359375], [1634631452.688859, 4, -342.9255676269531], [1634631470.6729956, 5, -314.8537902832031], [1634631489.4707026, 6, -294.83245849609375], [1634631508.1849942, 7, -306.02801513671875], [1634631526.209087, 8, -284.84271240234375], [1634631544.5648432, 9, -308.80242919921875], [1634631561.909275, 10, -284.60296630859375], [1634631580.1575716, 11, -282.8719482421875], [1634631598.1714373, 12, -322.68499755859375], [1634631616.3962557, 13, -276.96533203125], [1634631634.3704617, 14, -288.0749206542969]], "Eval_StdReturn": [[1634631379.264689, 0, 69.245849609375], [1634631397.6702864, 1, 20.251785278320312], [1634631416.3947763, 2, 45.96708679199219], [1634631434.6731257, 3, 14.756683349609375], [1634631452.6889172, 4, 21.96881103515625], [1634631470.673059, 5, 25.254241943359375], [1634631489.470769, 6, 13.395034790039062], [1634631508.185053, 7, 31.1568603515625], [1634631526.209171, 8, 8.396316528320312], [1634631544.5649004, 9, 37.14521789550781], [1634631561.909358, 10, 14.037002563476562], [1634631580.157628, 11, 22.824676513671875], [1634631598.171602, 12, 18.429855346679688], [1634631616.3964229, 13, 8.75823974609375], [1634631634.3705583, 14, 8.1226806640625]]}