{"Eval_AverageReturn": [[1634630567.3099716, 0, -374.41552734375], [1634630625.9547658, 1, -360.44940185546875], [1634630682.8832936, 2, -406.91363525390625], [1634630740.09186, 3, -340.31976318359375], [1634630797.3118348, 4, -359.20947265625], [1634630853.996071, 5, -372.6512145996094], [1634630911.9016364, 6, -344.51531982421875], [1634630969.673234, 7, -344.52850341796875], [1634631027.3232276, 8, -358.3243713378906], [1634631082.693129, 9, -341.146728515625], [1634631139.749904, 10, -386.23016357421875], [1634631196.8499503, 11, -351.9158935546875], [1634631253.360649, 12, -380.51806640625], [1634631308.8307588, 13, -389.1111145019531], [1634631365.645597, 14, -377.442138671875]], "Eval_StdReturn": [[1634630567.3102555, 0, 15.134262084960938], [1634630625.9548442, 1, 4.5511932373046875], [1634630682.8833575, 2, 46.045806884765625], [1634630740.0920212, 3, 22.79310417175293], [1634630797.3119001, 4, 6.2010650634765625], [1634630853.996134, 5, 17.170379638671875], [1634630911.901748, 6, 19.956756591796875], [1634630969.6733015, 7, 13.687973022460938], [1634631027.323565, 8, 5.210357666015625], [1634631082.6931891, 9, 1.2850189208984375], [1634631139.7499626, 10, 26.299057006835938], [1634631196.8500113, 11, 21.197036743164062], [1634631253.3607109, 12, 9.259201049804688], [1634631308.8308985, 13, 11.988372802734375], [1634631365.6456554, 14, 9.508956909179688]]}