{"Eval_AverageReturn": [[1634631649.3002374, 0, -481.8341979980469], [1634631671.1970382, 1, -338.24896240234375], [1634631693.1364841, 2, -294.89434814453125], [1634631715.4472857, 3, -274.9061279296875], [1634631736.698999, 4, -263.506591796875], [1634631757.3112233, 5, -280.10113525390625], [1634631778.5962896, 6, -269.2760009765625], [1634631800.189479, 7, -261.40826416015625], [1634631820.8564994, 8, -288.825439453125], [1634631842.2497935, 9, -278.3565673828125], [1634631864.4772625, 10, -250.60000610351562], [1634631886.4060075, 11, -254.6301727294922], [1634631907.907436, 12, -252.112548828125], [1634631930.109087, 13, -253.13160705566406], [1634631951.7230248, 14, -255.2739715576172]], "Eval_StdReturn": [[1634631649.300502, 0, 52.166778564453125], [1634631671.1971085, 1, 44.93113708496094], [1634631693.1366203, 2, 9.524932861328125], [1634631715.4473438, 3, 1.49755859375], [1634631736.6990604, 4, 0.9314117431640625], [1634631757.311282, 5, 8.114547729492188], [1634631778.5963473, 6, 10.348159790039062], [1634631800.1896927, 7, 9.710311889648438], [1634631820.8565567, 8, 17.696182250976562], [1634631842.2498515, 9, 19.100173950195312], [1634631864.4773202, 10, 7.656181335449219], [1634631886.4060707, 11, 6.2577667236328125], [1634631907.907497, 12, 1.8960647583007812], [1634631930.1091769, 13, 4.8693389892578125], [1634631951.7230833, 14, 9.494766235351562]]}