{"Eval_AverageReturn": [[1634629913.415373, 0, -464.7086486816406], [1634629926.485805, 1, -300.86474609375], [1634629939.2537687, 2, -296.47430419921875], [1634629952.3106823, 3, -342.61895751953125], [1634629965.1438224, 4, -256.06146240234375], [1634629978.0666995, 5, -286.75567626953125], [1634629990.7552814, 6, -302.0068359375], [1634630003.6770294, 7, -304.6344299316406], [1634630016.4892664, 8, -330.11614990234375], [1634630029.47784, 9, -289.2890319824219], [1634630042.1200385, 10, -312.045654296875], [1634630054.967434, 11, -343.51031494140625], [1634630067.6708374, 12, -255.41445922851562], [1634630080.805327, 13, -317.7342834472656], [1634630093.7465622, 14, -294.5731506347656]], "Eval_StdReturn": [[1634629913.415611, 0, 58.414764404296875], [1634629926.4858644, 1, 37.23677062988281], [1634629939.2538555, 2, 25.53924560546875], [1634629952.3107655, 3, 3.4967041015625], [1634629965.1438832, 4, 0.4192047119140625], [1634629978.0667725, 5, 30.365524291992188], [1634629990.7553415, 6, 10.521621704101562], [1634630003.677095, 7, 26.30047607421875], [1634630016.4893236, 8, 32.92720031738281], [1634630029.478197, 9, 7.796600341796875], [1634630042.120098, 10, 0.7923583984375], [1634630054.9674928, 11, 83.11817932128906], [1634630067.6708977, 12, 11.450614929199219], [1634630080.8053873, 13, 19.372650146484375], [1634630093.7467136, 14, 3.0042724609375]]}