{"Eval_AverageReturn": [[1634629123.668333, 0, 185.4970703125], [1634629243.5996468, 1, 208.59268188476562], [1634629361.9671555, 2, 231.165771484375], [1634629479.4064045, 3, 304.27923583984375], [1634629595.862418, 4, 262.9873046875]], "Eval_StdReturn": [[1634629123.6686208, 0, 0.0], [1634629243.5997117, 1, 0.0], [1634629361.9672227, 2, 0.0], [1634629479.4064686, 3, 0.0], [1634629595.8624845, 4, 0.0]], "Train_AverageReturn": [[1634629123.6697934, 0, -2504.96630859375], [1634629243.6009245, 1, 144.67721557617188], [1634629361.9683974, 2, 217.5320281982422], [1634629479.407458, 3, 233.667236328125], [1634629595.863567, 4, 268.0647888183594]], "Train_StdReturn": [[1634629123.6700916, 0, 321.12841796875], [1634629243.6011038, 1, 17.254684448242188], [1634629361.9685748, 2, 27.940893173217773], [1634629479.4077692, 3, 42.03128433227539], [1634629595.8637872, 4, 23.721336364746094]]}