{"Eval_AverageReturn": [[1634627139.081902, 0, 150.0196990966797], [1634627640.7376812, 1, 220.35166931152344], [1634628133.2678032, 2, 347.0851745605469], [1634628623.3074627, 3, 370.84979248046875], [1634629103.570834, 4, 366.2327575683594]], "Eval_StdReturn": [[1634627139.0821729, 0, 0.0], [1634627640.7377458, 1, 0.0], [1634628133.2678828, 2, 0.0], [1634628623.3075223, 3, 0.0], [1634629103.5708942, 4, 0.0]], "Train_AverageReturn": [[1634627139.0830922, 0, -2504.96630859375], [1634627640.7386231, 1, 142.13536071777344], [1634628133.2687376, 2, 205.36563110351562], [1634628623.3086, 3, 307.6195983886719], [1634629103.5720465, 4, 299.5215759277344]], "Train_StdReturn": [[1634627139.083322, 0, 321.12841796875], [1634627640.738959, 1, 18.374284744262695], [1634628133.2688737, 2, 21.884525299072266], [1634628623.308876, 3, 31.814767837524414], [1634629103.5724695, 4, 28.800689697265625]]}