{"Eval_AverageReturn": [[1634626114.019825, 0, 158.0359649658203], [1634626352.7455304, 1, 269.975341796875], [1634626591.9891593, 2, 328.1830139160156], [1634626834.2146735, 3, 336.4347839355469], [1634627083.8665924, 4, 330.52325439453125]], "Eval_StdReturn": [[1634626114.020085, 0, 0.0], [1634626352.745606, 1, 0.0], [1634626591.98922, 2, 0.0], [1634626834.2147388, 3, 0.0], [1634627083.8666506, 4, 0.0]], "Train_AverageReturn": [[1634626114.0211258, 0, -2504.96630859375], [1634626352.746936, 1, 151.72756958007812], [1634626591.9903622, 2, 234.8452911376953], [1634626834.2157116, 3, 324.37847900390625], [1634627083.8677616, 4, 330.5745544433594]], "Train_StdReturn": [[1634626114.0214171, 0, 321.12841796875], [1634626352.7472155, 1, 14.542933464050293], [1634626591.990624, 2, 24.146846771240234], [1634626834.2159033, 3, 26.526050567626953], [1634627083.8680809, 4, 33.51279067993164]]}